{"cameraMode":{"drawMode":0,"name":"Shaded","section":"Shading Mode"},"sceneLighting":true,"audioPlay":false,"sceneViewState":{"m_AlwaysRefresh":false,"showFog":true,"showSkybox":true,"showFlares":true,"showImageEffects":true,"showParticleSystems":true,"showVisualEffectGraphs":true,"m_FxEnabled":true},"in2DMode":false,"pivot":{"x":0.17999982833862306,"y":0.2199997901916504,"z":-25.95600128173828},"rotation":{"x":0.25228434801101687,"y":-0.07827658951282501,"z":0.02047981508076191,"w":0.9642643332481384},"size":20.567474365234376,"orthographic":true}